Username,Action,Time
grapphoth,Added user grapphoth to the database.,2022-12-12 00:07:28
grapphoth,Login,2022-12-12 00:09:24
grapphoth,Attempted to view Analytics,2022-12-12 00:09:27
grapphoth,Attempted to view Analytics,2022-12-12 00:09:29
Lucas,Login,2022-12-11 17:31:19
Lucas,Attempted to view Analytics,2022-12-11 17:31:24
Luke,Login,2022-12-11 17:25:33
Luke,Login,2022-12-11 17:49:14
Luke,Login,2022-12-11 17:49:47
Luke,Login,2022-12-11 17:51:13
Luke,Login,2022-12-11 17:51:26
Luke,Login,2022-12-11 18:00:01
Luke,Login,2022-12-11 18:05:06
Luke,Login,2022-12-11 18:17:07
Luke,Login,2022-12-11 18:18:15
Luke,Login,2022-12-11 18:19:44
Luke,Login,2022-12-11 18:20:11
Luke,Login,2022-12-11 18:22:26
Luke,Login,2022-12-11 18:25:46
Luke,Login,2022-12-11 18:30:09
Luke,Login,2022-12-11 18:31:36
Luke,Login,2022-12-11 18:32:12
Luke,Login,2022-12-11 18:34:32
Luke,Login,2022-12-11 18:34:48
Luke,Login,2022-12-11 18:35:37
Luke,Login,2022-12-11 18:37:49
Luke,Login,2022-12-11 18:38:13
Luke,Login,2022-12-11 18:38:30
Luke,Login,2022-12-11 18:39:44
Luke,Login,2022-12-11 18:40:34
Luke,Login,2022-12-11 18:40:48
Luke,Login,2022-12-11 18:41:41
Luke,Login,2022-12-11 20:54:05
Luke,Login,2022-12-11 20:54:42
Luke,Login,2022-12-11 20:55:08
Luke,Login,2022-12-11 20:55:58
Luke,Login,2022-12-11 20:56:19
Luke,Login,2022-12-11 21:38:09
Luke,Login,2022-12-11 21:46:12
Luke,Login,2022-12-11 21:47:29
Luke,Login,2022-12-11 21:48:01
Luke,Login,2022-12-11 21:50:06
Luke,Edited Asset: felicia_arm_revolver_R_sup.stl,2022-12-11 21:50:19
Luke,Edited Asset: felicia_arm_xbow_L_sup.stl,2022-12-11 21:50:37
Luke,Login,2022-12-11 21:50:55
Luke,Login,2022-12-11 21:51:55
Luke,Login,2022-12-11 21:52:44
Luke,Login,2022-12-11 21:53:13
Luke,Edited Asset: felicia_arm_xbow_R_sup.stl,2022-12-11 21:53:24
Luke,Edited Asset: felicia_arm_xbow_R_sup.stl,2022-12-11 21:53:30
Luke,Edited Asset: felicia_arm_xbow_R_sup.stl,2022-12-11 21:53:44
Luke,Login,2022-12-11 21:55:53
Luke,Edited Asset: felicia_arm_xbow_R_sup.stl,2022-12-11 21:56:02
Luke,Login,2022-12-11 21:56:40
Luke,Login,2022-12-11 21:58:34
Luke,Edited Asset: felicia_base_sup.stl,2022-12-11 21:59:06
Luke,Edited Asset: felicia_base_sup.stl,2022-12-11 21:59:17
Luke,Edited Asset: felicia_base_sup.stl,2022-12-11 21:59:37
Luke,Login,2022-12-11 22:00:16
Luke,Edited Asset: felicia_base_sup.stl,2022-12-11 22:00:19
Luke,Login,2022-12-11 22:00:39
Luke,Edited Asset: felicia_base_sup.stl,2022-12-11 22:00:44
Luke,Login,2022-12-11 22:03:43
Luke,Edited Asset: felicia_base_sup.stl,2022-12-11 22:04:06
Luke,Login,2022-12-11 22:05:29
Luke,Login,2022-12-11 22:06:04
Luke,Login,2022-12-11 22:09:08
Luke,Login,2022-12-11 22:13:00
Luke,Edited Asset: felicia_base_sup.stl,2022-12-11 22:13:10
Luke,Login,2022-12-11 22:19:09
Luke,Edited Asset: felicia_base_sup.stl,2022-12-11 22:19:16
Luke,Edited Asset: felicia_base_sup.stl,2022-12-11 22:19:24
Luke,Edited Asset: felicia_base_sup.stl,2022-12-11 22:19:34
Luke,Login,2022-12-11 22:20:25
Luke,Edited Asset: felicia_base_sup.stl,2022-12-11 22:20:33
Luke,Login,2022-12-11 22:27:33
Luke,Edited Asset: felicia_base_sup.stl,2022-12-11 22:27:39
Luke,Edited Asset: felicia_base_sup.stl,2022-12-11 22:27:45
Luke,Edited Asset: felicia_base_sup.stl,2022-12-11 22:27:49
Luke,Edited Asset: felicia_base_sup.stl,2022-12-11 22:27:58
Luke,Edited Asset: felicia_base_sup.stl,2022-12-11 22:28:07
Luke,Edited Asset: felicia_base_sup.stl,2022-12-11 22:28:13
Luke,Edited Asset: felicia_base_sup.stl,2022-12-11 22:28:17
Luke,Edited Asset: felicia_base_sup.stl,2022-12-11 22:28:22
Luke,Edited Asset: felicia_base_sup.stl,2022-12-11 22:28:47
Luke,Login,2022-12-11 22:31:42
Luke,Login,2022-12-11 22:40:58
Luke,Login,2022-12-11 22:52:59
Luke,Login,2022-12-11 22:53:54
Luke,Edited Asset: felicia_base_sup.stl,2022-12-11 22:53:58
Luke,Edited Asset: felicia_base_sup.stl,2022-12-11 22:54:10
Luke,Login,2022-12-11 22:55:18
Luke,Login,2022-12-11 22:59:08
Luke,Edited Asset: felicia_base_sup.stl,2022-12-11 22:59:17
Luke,Edited Asset: felicia_base_sup.stl,2022-12-11 22:59:21
Luke,Login,2022-12-11 22:59:48
Luke,Edited Asset: felicia_base_sup.stl,2022-12-11 22:59:51
Luke,Edited Asset: felicia_base_sup.stl,2022-12-11 22:59:56
Luke,Edited Asset: felicia_base_sup.stl,2022-12-11 23:00:07
Luke,Edited Asset: felicia_base_sup.stl,2022-12-11 23:00:11
Luke,Edited Asset: felicia_base_sup.,2022-12-11 23:00:15
Luke,Edited Asset: felicia_base_sup.stl,2022-12-11 23:00:36
Luke,Edited Asset: felicia_base_sup.stl,2022-12-11 23:00:41
Luke,Login,2022-12-11 23:04:21
Luke,Login,2022-12-11 23:06:04
Luke,Login,2022-12-11 23:07:37
Luke,Login,2022-12-11 23:07:52
Luke,Login,2022-12-11 23:08:51
Luke,Login,2022-12-11 23:09:30
Luke,Login,2022-12-11 23:11:52
Luke,Login,2022-12-11 23:12:09
Luke,Login,2022-12-11 23:13:13
Luke,Login,2022-12-11 23:13:24
Luke,Login,2022-12-11 23:14:05
Luke,Login,2022-12-11 23:14:38
Luke,Login,2022-12-11 23:15:19
Luke,Login,2022-12-11 23:17:04
Luke,Login,2022-12-11 23:17:18
Luke,Error adding user Luke to the database.,2022-12-12 00:02:02
Luke,Error adding user Luke to the database.,2022-12-12 00:02:12
Luke,Error adding user Luke to the database.,2022-12-12 00:02:15
Luke,Error adding user Luke to the database.,2022-12-12 00:02:25
Luke,Error adding user Luke to the database.,2022-12-12 00:02:26
Luke,Error adding user Luke to the database.,2022-12-12 00:02:30
Luke,Error adding user Luke to the database.,2022-12-12 00:02:33
Luke,Error adding user Luke to the database.,2022-12-12 00:02:38
Luke,Error adding user Luke to the database.,2022-12-12 00:03:26
Luke,Attempted to add user Luke to the database, but user already exists.,2022-12-12 00:04:05
Luke,Login,2022-12-12 00:09:57
Luke,Login,2022-12-12 00:11:50
Luke,Login,2022-12-12 00:12:35
Luke,Login,2022-12-12 00:14:32
Luke,Login,2022-12-12 00:16:08
Luke,Login,2022-12-12 00:16:45
Luke,Login,2022-12-12 00:17:01
Luke,Login,2022-12-12 00:17:34
Luke,Login,2022-12-12 00:18:11
Luke,Login,2022-12-12 00:18:23
Luke,Login,2022-12-12 00:18:37
Luke,Login,2022-12-12 00:18:47
Luke,Login,2022-12-12 00:19:51
Luke,Login,2022-12-12 00:20:24
Luke,Login,2022-12-12 00:21:50
Luke,Login,2022-12-12 00:28:07
Luke,Login,2022-12-12 00:28:33
Luke,Login,2022-12-12 00:29:18
Luke,Login,2022-12-12 00:29:48
Luke,Login,2022-12-12 00:30:24
Luke,Login,2022-12-12 00:31:11
